time,lat,lon,count
2019-09-02-17-38-28,30.577806058293625,104.09258804868065,1.0
2019-09-02-17-38-28,30.57780735437531,104.10408693110756,1.0
2019-09-02-17-38-28,30.57830656145882,104.0893395385628,1.0
2019-09-02-17-38-28,30.578307552879988,104.10508711426672,1.0
2019-09-02-17-38-28,30.57830906794884,104.10833810681099,1.0
2019-09-02-17-38-28,30.578808887251487,104.10833808383437,1.0
2019-09-02-17-38-28,30.579056362457706,104.08908964278605,1.0
2019-09-02-17-38-28,30.579058796812486,104.10833807234593,1.0
2019-09-02-17-38-28,30.579558615753914,104.10833804936868,1.0
2019-09-02-17-38-28,30.580058568722983,104.10858812290772,1.0
2019-09-02-17-38-28,30.580308343714794,104.108338014902,1.0
2019-09-02-17-38-28,30.58055488907502,104.09433732938282,1.0
2019-09-02-17-38-28,30.58080477339529,104.09483717678671,1.0
2019-09-02-17-38-28,30.580804756703863,104.09583693214464,1.0
2019-09-02-17-38-28,30.58080829632286,104.10858808844095,1.0
2019-09-02-17-38-28,30.581554859283212,104.09158828474257,1.0
2019-09-02-17-38-28,30.581554524443025,104.09708666202923,2.0
2019-09-02-17-38-28,30.581554581508147,104.0978365578728,1.0
2019-09-02-17-38-28,30.58180753701133,104.10783776149937,1.0
2019-09-02-17-38-28,30.58255481835017,104.09008894653844,2.0
2019-09-02-17-38-28,30.582554757409795,104.0903388206292,1.0
2019-09-02-17-38-28,30.582804151917358,104.09333754592951,1.0
2019-09-02-17-38-28,30.58280403035882,104.09608678687685,1.0
2019-09-02-17-38-28,30.58330386152279,104.09483706190294,1.0
2019-09-02-17-38-28,30.583554957528854,104.08833987132392,1.0
2019-09-02-17-38-28,30.58355445264511,104.09008890060714,1.0
2019-09-02-17-38-28,30.583553753311623,104.09583680576216,1.0
2019-09-02-17-38-28,30.58405357295952,104.09533689885542,1.0
2019-09-02-17-38-28,30.585305206247426,104.10558691323584,1.0
2019-09-02-17-38-28,30.585803078782988,104.09308749593878,1.0
2019-09-02-17-38-28,30.586053017019204,104.09283757546949,2.0
2019-09-02-17-38-28,30.586052959082583,104.09333739658784,1.0
2019-09-02-17-38-28,30.58630311819537,104.0915880665199,1.0
2019-09-02-17-38-28,30.586302924843803,104.09283756398152,1.0
2019-09-02-17-38-28,30.58630277039961,104.09458699301945,1.0
2019-09-02-17-38-28,30.5863027510735,104.09508685817086,1.0
2019-09-02-17-38-28,30.58655286573023,104.09258764667202,1.0
2019-09-02-17-38-28,30.58655274985153,104.09358728890044,1.0
2019-09-02-17-38-28,30.586802709961592,104.09308744998545,1.0
2019-09-02-17-38-28,30.586802682376685,104.09333736212179,1.0
2019-09-02-17-38-28,30.5868026575564,104.09358727741136,1.0
2019-09-02-17-38-28,30.586802635498128,104.09383719585108,1.0
2019-09-02-17-38-28,30.586803812508855,104.1033363938718,1.0
2019-09-02-17-38-28,30.587052841311323,104.09158803206016,1.0
2019-09-02-17-38-28,30.587052617606822,104.09308743849682,1.0
2019-09-02-17-38-28,30.58705256520152,104.09358726592221,1.0
2019-09-02-17-38-28,30.58730255554447,104.0928375180285,1.0
2019-09-02-17-38-28,30.5873024727869,104.09358725443293,1.0
2019-09-02-17-38-28,30.58730240044304,104.09683643864891,1.0
2019-09-02-17-38-28,30.58731107655261,104.11609197634905,1.0
2019-09-02-17-38-28,30.587553110506764,104.0895889782615,1.0
2019-09-02-17-38-28,30.5875530439775,104.08983884596873,1.0
2019-09-02-17-38-28,30.587552405133014,104.0933373276548,1.0
2019-09-02-17-38-28,30.58756037130915,104.11534143668331,1.0
2019-09-02-17-38-28,30.587802951444267,104.08983883448431,1.0
2019-09-02-17-38-28,30.587802403658305,104.09258758923148,1.0
2019-09-02-17-38-28,30.587802367522254,104.09858619420173,1.0
2019-09-02-17-38-28,30.58780689163425,104.1105886408041,1.0
2019-09-02-17-38-28,30.58781048070955,104.11559159863216,1.0
2019-09-02-17-38-28,30.587810684966502,104.11584177469628,1.0
2019-09-02-17-38-28,30.587810891533408,104.11609195338265,1.0
2019-09-02-17-38-28,30.587811740751786,104.1170926941778,1.0
2019-09-02-17-38-28,30.588052795116766,104.09008869389515,1.0
2019-09-02-17-38-28,30.588552809341927,104.0893390678103,1.0
2019-09-02-17-38-28,30.588552673486486,104.08983880003044,1.0
2019-09-02-17-38-28,30.58855212210714,104.09883614041745,1.0
2019-09-02-17-38-28,30.5885521952832,104.09933611101827,1.0
2019-09-02-17-38-28,30.588558469568067,104.11334009898957,1.0
2019-09-02-17-38-28,30.588802580714567,104.08983878854563,1.0
2019-09-02-17-38-28,30.58880234252629,104.09083829123469,1.0
2019-09-02-17-38-28,30.58880228995236,104.09108817486296,1.0
2019-09-02-17-38-28,30.588801833835007,104.09658641371628,1.0
2019-09-02-17-38-28,30.588808017657662,104.1128397914535,1.0
2019-09-02-17-38-28,30.58880893333271,104.11409055184494,2.0
2019-09-02-17-38-28,30.58905236320645,104.09033852203508,1.0
2019-09-02-17-38-28,30.58905230505585,104.09058839930044,1.0
2019-09-02-17-38-28,30.589052197120548,104.09108816337613,1.0
2019-09-02-17-38-28,30.58905190697189,104.09283743760662,1.0
2019-09-02-17-38-28,30.589051849033947,104.09333725871788,1.0
2019-09-02-17-38-28,30.589051782855,104.09408701402643,1.0
2019-09-02-17-38-28,30.589302331257024,104.090088636469,1.0
2019-09-02-17-38-28,30.58930221216453,104.0905883878142,1.0
2019-09-02-17-38-28,30.58930210422912,104.0910881518892,1.0
2019-09-02-17-38-28,30.58930178372748,104.09308733509457,1.0
2019-09-02-17-38-28,30.589301731321182,104.09358716251478,1.0
2019-09-02-17-38-28,30.58930170926236,104.09383708095172,1.0
2019-09-02-17-38-28,30.589301689962912,104.09408700253574,1.0
2019-09-02-17-38-28,30.589301634759394,104.09533665754816,1.0
2019-09-02-17-38-28,30.589301631957262,104.09558659794534,1.0
2019-09-02-17-38-28,30.58930477614646,104.10783741674992,1.0
2019-09-02-17-38-28,30.589306812221718,104.1113389458908,1.0
2019-09-02-17-38-28,30.58930748237153,104.11233948331238,1.0
2019-09-02-17-38-28,30.589308559714908,104.11384037139773,1.0
2019-09-02-17-38-28,30.589308747598587,104.11409052887134,1.0
2019-09-02-17-38-28,30.58930893784268,104.11434068902605,1.0
2019-09-02-17-38-28,30.5895523685708,104.08958888638651,1.0
2019-09-02-17-38-28,30.58955217736432,104.09033849906332,1.0
2019-09-02-17-38-28,30.58955191448381,104.09158791718737,1.0
2019-09-02-17-38-28,30.58955156667943,104.09458684364094,1.0
2019-09-02-17-38-28,30.589551555641552,104.09483677464658,1.0
2019-09-02-17-38-28,30.58955154702136,104.0963364263694,1.0
2019-09-02-17-38-28,30.589551579604343,104.09708629429491,2.0
2019-09-02-17-38-28,30.58955342915661,104.10508659711284,1.0
2019-09-02-17-38-28,30.58955384940549,104.10608685028069,1.0
2019-09-02-17-38-28,30.589554074912076,104.10658699437252,1.0
2019-09-02-17-38-28,30.589554556470905,104.10758731731691,1.0
2019-09-02-17-38-28,30.58955608807429,104.1103384412624,1.0
2019-09-02-17-38-28,30.58955639877448,104.11083868226571,1.0
2019-09-02-17-38-28,30.58955828124235,104.11359020512572,1.0
2019-09-02-17-38-28,30.589802344886746,104.08933901038915,2.0
2019-09-02-17-38-28,30.5898022755605,104.08958887490164,1.0
2019-09-02-17-38-28,30.589801597764954,104.0930873121151,1.0
2019-09-02-17-38-28,30.58980157017939,104.093337224248,1.0
2019-09-02-17-38-28,30.589801523299503,104.09383705797056,1.0
2019-09-02-17-38-28,30.589801521918158,104.09758621026,1.0
2019-09-02-17-38-28,30.589801543651852,104.09783617862976,1.0
2019-09-02-17-38-28,30.589803647475662,104.10583677110785,1.0
2019-09-02-17-38-28,30.589804719418577,104.10808748457121,1.0
2019-09-02-17-38-28,30.589805122210468,104.10883777413582,1.0
2019-09-02-17-38-28,30.589805694201182,104.10983819995786,1.0
2019-09-02-17-38-28,30.589806149182106,104.11058854887771,1.0
2019-09-02-17-38-28,30.58980800508473,104.11334004155034,1.0
2019-09-02-17-38-28,30.590052476591076,104.08858942453413,1.0
2019-09-02-17-38-28,30.590052398865584,104.08883927946144,1.0
2019-09-02-17-38-28,30.59005232394139,104.0890891375855,1.0
2019-09-02-17-38-28,30.590051933133026,104.09058835335493,1.0
2019-09-02-17-38-28,30.590051535047103,104.09283739164889,1.0
2019-09-02-17-38-28,30.590051410929103,104.09408696806305,2.0
2019-09-02-17-38-28,30.590051394386144,104.09433689279021,1.0
2019-09-02-17-38-28,30.590051369559088,104.09483675166315,1.0
2019-09-02-17-38-28,30.590051355724746,104.09533662307184,1.0
2019-09-02-17-38-28,30.590051369073816,104.09658635625122,1.0
2019-09-02-17-38-28,30.59005140982559,104.09733623348879,1.0
2019-09-02-17-38-28,30.59005142884652,104.09758619876612,1.0
2019-09-02-17-38-28,30.59005163774482,104.0993360420514,1.0
2019-09-02-17-38-28,30.590053554402083,104.10583675961323,1.0
2019-09-02-17-38-28,30.59005388882413,104.10658697138412,1.0
2019-09-02-17-38-28,30.590054005403854,104.10683704778513,1.0
2019-09-02-17-38-28,30.59005449710299,104.10783738226965,1.0
2019-09-02-17-38-28,30.590054626344447,104.10808747307782,1.0
2019-09-02-17-38-28,30.590054758101047,104.10833756674731,1.0
2019-09-02-17-38-28,30.590055168402785,104.10908786485534,1.0
2019-09-02-17-38-28,30.590056056107358,104.11058853738643,1.0
2019-09-02-17-38-28,30.590056371709327,104.11108878396395,1.0
2019-09-02-17-38-28,30.590057376899928,104.11258959006291,2.0
2019-09-02-17-38-28,30.590301591048398,104.09183777587549,1.0
2019-09-02-17-38-28,30.59030141156415,104.09308728913521,1.0
2019-09-02-17-38-28,30.590301359157408,104.09358711655311,1.0
2019-09-02-17-38-28,30.59030133709837,104.09383703498895,1.0
2019-09-02-17-38-28,30.590301317798694,104.09408695657193,1.0
2019-09-02-17-38-28,30.590301301255693,104.09433688129884,15.0
2019-09-02-17-38-28,30.59030128746657,104.09458680916642,8.0
2019-09-02-17-38-28,30.590301276428534,104.0948367401713,1.0
2019-09-02-17-38-28,30.59030126813867,104.09508667431015,1.0
2019-09-02-17-38-28,30.590301262594064,104.09533661157951,1.0
2019-09-02-17-38-28,30.59030125972855,104.09583649549549,1.0
2019-09-02-17-38-28,30.590301267807323,104.09633639189028,2.0
2019-09-02-17-38-28,30.59030127594285,104.09658634475788,1.0
2019-09-02-17-38-28,30.590301357448915,104.09783615564156,1.0
2019-09-02-17-38-28,30.590301544613233,104.0993360305565,1.0
2019-09-02-17-38-28,30.590303681660355,104.10633688638973,1.0
2019-09-02-17-38-28,30.590304153055143,104.10733719777048,2.0
2019-09-02-17-38-28,30.590304664967316,104.10833755525404,1.0
2019-09-02-17-38-28,30.590306939023343,104.11208929887344,1.0
2019-09-02-17-38-28,30.590307638114094,104.11308986919107,2.0
2019-09-02-17-38-28,30.590307818874308,104.11334001857391,1.0
2019-09-02-17-38-28,30.59055213762323,104.08908911461695,1.0
2019-09-02-17-38-28,30.5905514564133,104.09208766070893,1.0
2019-09-02-17-38-28,30.590551265967584,104.09358710506244,1.0
2019-09-02-17-38-28,30.590551183238414,104.09483672867935,1.0
2019-09-02-17-38-28,30.590551169403838,104.09533660008707,2.0
2019-09-02-17-38-28,30.590551193614232,104.0968362892402,2.0
2019-09-02-17-38-28,30.590551223503784,104.097336210501,2.0
2019-09-02-17-38-28,30.590551242524604,104.097586175778,1.0
2019-09-02-17-38-28,30.590554059862104,104.10733718627644,1.0
2019-09-02-17-38-28,30.59055602635617,104.11083863630137,1.0
2019-09-02-17-38-28,30.59055634684713,104.11133888843824,1.0
2019-09-02-17-38-28,30.590556510748247,104.11158901866229,1.0
2019-09-02-17-38-28,30.59055684582913,104.11208928738355,2.0
2019-09-02-17-38-28,30.590557190570788,104.11258956708437,1.0
2019-09-02-17-38-28,30.59055754491963,104.11308985770236,1.0
2019-09-02-17-38-28,30.590801598203825,104.09083819933984,1.0
2019-09-02-17-38-28,30.590801448834643,104.09158785974694,2.0
2019-09-02-17-38-28,30.59080140460999,104.09183775289831,2.0
2019-09-02-17-38-28,30.590801363164292,104.09208764921995,1.0
2019-09-02-17-38-28,30.59080132449529,104.09233754870918,1.0
2019-09-02-17-38-28,30.590801288600694,104.09258745136327,1.0
2019-09-02-17-38-28,30.590801172718233,104.09358709357166,2.0
2019-09-02-17-38-28,30.59080115065908,104.09383701200694,1.0
2019-09-02-17-38-28,30.59080111481617,104.09433685831577,2.0
2019-09-02-17-38-28,30.59080110102695,104.09458678618284,2.0
2019-09-02-17-38-28,30.59080108998879,104.09483671718723,1.0
2019-09-02-17-38-28,30.590801081698817,104.09508665132564,2.0
2019-09-02-17-38-28,30.59080107335163,104.0955865289904,5.0
2019-09-02-17-38-28,30.590801081366912,104.09633636890365,2.0
2019-09-02-17-38-28,30.590801089502328,104.09658632177087,1.0
2019-09-02-17-38-28,30.590801100364146,104.09683627774645,2.0
2019-09-02-17-38-28,30.590801252448426,104.0985860562718,1.0
2019-09-02-17-38-28,30.590801320238715,104.09908602073394,1.0
2019-09-02-17-38-28,30.59080153672772,104.10033598546607,1.0
2019-09-02-17-38-28,30.590803966609545,104.10733717478227,1.0
2019-09-02-17-38-28,30.59080447852123,104.10833753226713,1.0
2019-09-02-17-38-28,30.590804612786908,104.10858762879171,3.0
2019-09-02-17-38-28,30.590805933102747,104.11083862480999,1.0
2019-09-02-17-38-28,30.590806092127462,104.111088749491,1.0
2019-09-02-17-38-28,30.590806583824097,104.11183914015629,1.0
2019-09-02-17-38-28,30.590806752575393,104.11208927589351,1.0
2019-09-02-17-38-28,30.59080692374189,104.11233941437568,1.0
2019-09-02-17-38-28,30.590808188966278,104.11409045994803,1.0
2019-09-02-17-38-28,30.5908087667504,104.11484094842872,1.0
2019-09-02-17-38-28,30.591051679350578,104.09008855606785,1.0
2019-09-02-17-38-28,30.59105150489557,104.0908381878525,1.0
2019-09-02-17-38-28,30.59105126985576,104.09208763773087,1.0
2019-09-02-17-38-28,30.59105119529205,104.09258743987357,1.0
2019-09-02-17-38-28,30.59105107940937,104.09358708208076,2.0
2019-09-02-17-38-28,30.591051057350164,104.0938370005158,1.0
2019-09-02-17-38-28,30.591051021507145,104.09433684682408,1.0
2019-09-02-17-38-28,30.591051007717862,104.09458677469088,2.0
2019-09-02-17-38-28,30.591050988389625,104.0950866398332,3.0
2019-09-02-17-38-28,30.59105098004233,104.09558651749754,1.0
2019-09-02-17-38-28,30.591050979979,104.0958364610166,2.0
2019-09-02-17-38-28,30.591050982651755,104.0960864076554,1.0
2019-09-02-17-38-28,30.59105098805743,104.09633635741021,1.0
2019-09-02-17-38-28,30.591050996192788,104.09658631027723,2.0
2019-09-02-17-38-28,30.591051007054556,104.09683626625264,2.0
2019-09-02-17-38-28,30.591051036943888,104.09733618751278,1.0
2019-09-02-17-38-28,30.59105115913843,104.09858604477694,1.0
2019-09-02-17-38-28,30.591055529090372,104.1103383723123,1.0
2019-09-02-17-38-28,30.591055683212986,104.11058849142027,1.0
2019-09-02-17-38-28,30.59105583978981,104.11083861331856,2.0
2019-09-02-17-38-28,30.591056830428577,104.11233940288584,1.0
2019-09-02-17-38-28,30.591057358352145,104.11308983472463,1.0
2019-09-02-17-38-28,30.591058095652524,104.11409044846043,1.0
2019-09-02-17-38-28,30.591302090878372,104.08833951538969,1.0
2019-09-02-17-38-28,30.59130185769961,104.08908908016326,2.0
2019-09-02-17-38-28,30.59130178557489,104.0893389414802,3.0
2019-09-02-17-38-28,30.591301358953363,104.0910880599897,1.0
2019-09-02-17-38-28,30.591301309164205,104.09133794679218,4.0
2019-09-02-17-38-28,30.591301217933555,104.09183772992071,1.0
2019-09-02-17-38-28,30.59130106880125,104.09283733419929,1.0
2019-09-02-17-38-28,30.59130103844821,104.09308724317414,1.0
2019-09-02-17-38-28,30.591301010862306,104.09333715530529,1.0
2019-09-02-17-38-28,30.59130098604102,104.09358707058978,1.0
2019-09-02-17-38-28,30.59130088947611,104.09533656560913,1.0
2019-09-02-17-38-28,30.591300886673533,104.09558650600457,1.0
2019-09-02-17-38-28,30.591300889282852,104.096086396162,1.0
2019-09-02-17-38-28,30.591300894688462,104.0963363459166,1.0
2019-09-02-17-38-28,30.59130094357469,104.0973361760185,1.0
2019-09-02-17-38-28,30.59130098432869,104.0978361096639,1.0
2019-09-02-17-38-28,30.591301008771172,104.09808608112084,1.0
2019-09-02-17-38-28,30.591301065768953,104.09858603328199,1.0
2019-09-02-17-38-28,30.591301133559014,104.09908599774364,1.0
2019-09-02-17-38-28,30.591303658264803,104.10708706960921,1.0
2019-09-02-17-38-28,30.591305134860832,104.10983813100441,1.0
2019-09-02-17-38-28,30.591305435718077,104.11033836082024,1.0
2019-09-02-17-38-28,30.591305905441974,104.11108872650848,1.0
2019-09-02-17-38-28,30.59130606690797,104.11133885396539,1.0
2019-09-02-17-38-28,30.591306230808907,104.11158898419023,2.0
2019-09-02-17-38-28,30.591306737055785,104.11233939139593,1.0
2019-09-02-17-38-28,30.591307264979157,104.11308982323564,1.0
2019-09-02-17-38-28,30.59130744573911,104.11333997261974,1.0
2019-09-02-17-38-28,30.59130762888041,104.11359012470936,1.0
2019-09-02-17-38-28,30.591307814396124,104.11384027949636,1.0
2019-09-02-17-38-28,30.591308192522874,104.11434059713017,1.0
2019-09-02-17-38-28,30.591551492555944,104.09008853309516,1.0
2019-09-02-17-38-28,30.59155116873093,104.09158782528141,1.0
2019-09-02-17-38-28,30.591550892613203,104.09358705909864,1.0
2019-09-02-17-38-28,30.59155087055388,104.09383697753313,1.0
2019-09-02-17-38-28,30.591550851253928,104.09408689911476,2.0
2019-09-02-17-38-28,30.591550869166614,104.0975861298005,1.0
2019-09-02-17-38-28,30.591550915342324,104.098086069626,1.0
2019-09-02-17-38-28,30.591550972340002,104.0985860217869,1.0
2019-09-02-17-38-28,30.591551004887823,104.09883600248226,1.0
2019-09-02-17-38-28,30.591551118681576,104.09958596297454,1.0
2019-09-02-17-38-28,30.591554066649604,104.10808740411541,1.0
2019-09-02-17-38-28,30.59155433267133,104.10858759431109,1.0
2019-09-02-17-38-28,30.59155489470704,104.10958800881843,1.0
2019-09-02-17-38-28,30.591555342286306,104.11033834932807,1.0
2019-09-02-17-38-28,30.591555812010018,104.11108871501705,1.0
2019-09-02-17-38-28,30.59155597347595,104.11133884247423,2.0
2019-09-02-17-38-28,30.59155613737682,104.11158897269935,2.0
2019-09-02-17-38-28,30.59155735230659,104.11333996113092,1.0
2019-09-02-17-38-28,30.591557535447823,104.11359011322088,1.0
2019-09-02-17-38-28,30.59155809909009,104.1143405856427,1.0
2019-09-02-17-38-28,30.59180127997584,104.09058827294615,1.0
2019-09-02-17-38-28,30.59180112225008,104.09133792381552,1.0
2019-09-02-17-38-28,30.591801075244078,104.09158781379269,1.0
2019-09-02-17-38-28,30.591800777066542,104.09383696604164,2.0
2019-09-02-17-38-28,30.59180075776653,104.094086887623,1.0
2019-09-02-17-38-28,30.59180074122318,104.09433681234836,1.0
2019-09-02-17-38-28,30.591800702366616,104.09608637317491,1.0
2019-09-02-17-38-28,30.59180074035357,104.0970861908498,1.0
2019-09-02-17-38-28,30.591803593004393,104.10733712880457,1.0
2019-09-02-17-38-28,30.591803843917884,104.10783730181197,1.0
2019-09-02-17-38-28,30.59180397315892,104.10808739262129,1.0
2019-09-02-17-38-28,30.591805559494126,104.11083857884351,1.0
2019-09-02-17-38-28,30.591806210214482,104.11183909419407,1.0
2019-09-02-17-38-28,30.591806550131768,104.11233936841572,2.0
2019-09-02-17-38-28,30.591806723706554,104.11258950963621,1.0
2019-09-02-17-38-28,30.591807441955773,104.11359010173227,1.0
2019-09-02-17-38-28,30.591807627471358,104.11384025651995,1.0
2019-09-02-17-38-28,30.591808005597855,104.11434057415512,1.0
2019-09-02-17-38-28,30.592051186429767,104.09058826145876,1.0
2019-09-02-17-38-28,30.59205107849316,104.09108802552562,1.0
2019-09-02-17-38-28,30.5920509816978,104.09158780230385,1.0
2019-09-02-17-38-28,30.592050757986694,104.09308720870222,1.0
2019-09-02-17-38-28,30.59205073040064,104.09333712083249,1.0
2019-09-02-17-38-28,30.592050705579187,104.09358703611612,1.0
2019-09-02-17-38-28,30.592050614558097,104.09508659386246,1.0
2019-09-02-17-38-28,30.59205064680605,104.09708617935536,1.0
2019-09-02-17-38-28,30.59205578643354,104.11133881949159,1.0
2019-09-02-17-38-28,30.59205595033428,104.11158894971727,1.0
2019-09-02-17-38-28,30.59205611666343,104.11183908270323,2.0
2019-09-02-17-38-28,30.592056285414408,104.11208921844187,1.0
2019-09-02-17-38-28,30.592056456580597,104.11233935692549,1.0
2019-09-02-17-38-28,30.592056984503397,104.11308978876792,1.0
2019-09-02-17-38-28,30.592059942725086,104.11684230987815,1.0
2019-09-02-17-38-28,30.592301636286198,104.08858932117991,1.0
2019-09-02-17-38-28,30.592300802421065,104.09208758028387,1.0
2019-09-02-17-38-28,30.592300763751737,104.09233747977116,1.0
2019-09-02-17-38-28,30.59230072785681,104.09258738242336,1.0
2019-09-02-17-38-28,30.59230063679453,104.09333710934132,1.0
2019-09-02-17-38-28,30.592300611973034,104.0935870246247,1.0
2019-09-02-17-38-28,30.59230057061342,104.09408686463915,2.0
2019-09-02-17-38-28,30.59230230410946,104.10483641470276,1.0
2019-09-02-17-38-28,30.592303048482226,104.106586867931,1.0
2019-09-02-17-38-28,30.592303656758343,104.10783727882307,1.0
2019-09-02-17-38-28,30.592304614055575,104.10958797433928,1.0
2019-09-02-17-38-28,30.59230476077753,104.10983808503329,1.0
2019-09-02-17-38-28,30.592304909972512,104.11008819853956,1.0
2019-09-02-17-38-28,30.59230506163428,104.11033831485096,1.0
2019-09-02-17-38-28,30.59230521575659,104.11058843396009,1.0
2019-09-02-17-38-28,30.59230553135744,104.11108868054217,1.0
2019-09-02-17-38-28,30.59230585672386,104.11158893822605,2.0
2019-09-02-17-38-28,30.59230602305295,104.11183907121229,1.0
2019-09-02-17-38-28,30.59230619180387,104.11208920695124,1.0
2019-09-02-17-38-28,30.59230636296999,104.11233934543512,1.0
2019-09-02-17-38-28,30.592306536544644,104.1125894866562,1.0
2019-09-02-17-38-28,30.592306712521104,104.11283963060663,1.0
2019-09-02-17-38-28,30.592307071652307,104.11333992666387,1.0
2019-09-02-17-38-28,30.592551389970946,104.08908902273828,1.0
2019-09-02-17-38-28,30.592550943797285,104.0908381189262,1.0
2019-09-02-17-38-28,30.59255084143311,104.09133788934973,1.0
2019-09-02-17-38-28,30.59255063419145,104.09258737093302,1.0
2019-09-02-17-38-28,30.59255060106851,104.09283727674706,1.0
2019-09-02-17-38-28,30.592550570715193,104.0930871857204,1.0
2019-09-02-17-38-28,30.592550476947736,104.09408685314709,1.0
2019-09-02-17-38-28,30.59255284078372,104.10633678293452,1.0
2019-09-02-17-38-28,30.592552954813627,104.10658685643568,1.0
2019-09-02-17-38-28,30.5925531905155,104.10708701213495,1.0
2019-09-02-17-38-28,30.592554376143546,104.10933785497132,1.0
2019-09-02-17-38-28,30.592554520386248,104.10958796284599,1.0
2019-09-02-17-38-28,30.592555763054037,104.11158892673474,2.0
2019-09-02-17-38-28,30.59255592938305,104.11183905972126,1.0
2019-09-02-17-38-28,30.59255679722239,104.11308976578891,1.0
2019-09-02-17-38-28,30.592800656477326,104.09183766098536,1.0
2019-09-02-17-38-28,30.592800402522894,104.0938369200746,1.0
2019-09-02-17-38-28,30.592802420316087,104.105586568406,1.0
2019-09-02-17-38-28,30.5928025266656,104.10583663316551,1.0
2019-09-02-17-38-28,30.592802635580625,104.10608670084528,1.0
2019-09-02-17-38-28,30.59280274705579,104.10633677143898,1.0
2019-09-02-17-38-28,30.592805028358036,104.11058841097531,2.0
2019-09-02-17-38-28,30.592805669324807,104.11158891524332,1.0
2019-09-02-17-38-28,30.59280652512141,104.11283960762677,1.0
2019-09-02-17-38-28,30.593051202463602,104.08908899976757,1.0
2019-09-02-17-38-28,30.593050811651363,104.09058821550808,1.0
2019-09-02-17-38-28,30.59305060691852,104.09158775634741,1.0
2019-09-02-17-38-28,30.59305056269337,104.09183764949573,1.0
2019-09-02-17-38-28,30.59305048257768,104.09233744530071,1.0
2019-09-02-17-38-28,30.59305044306564,104.09883593350887,1.0
2019-09-02-17-38-28,30.593051833449262,104.10433627713086,1.0
2019-09-02-17-38-28,30.593052222750355,104.10533649507678,1.0
2019-09-02-17-38-28,30.593052326528955,104.10558655691,1.0
2019-09-02-17-38-28,30.59305243287841,104.10583662166964,1.0
2019-09-02-17-38-28,30.593052767298268,104.10658683344471,1.0
2019-09-02-17-38-28,30.593053504814197,104.10808733514915,1.0
2019-09-02-17-38-28,30.59305433286941,104.10958793985914,1.0
2019-09-02-17-38-28,30.593054479591174,104.1098380505538,1.0
2019-09-02-17-38-28,30.59305478044756,104.11033828037284,1.0
2019-09-02-17-38-28,30.593054934569672,104.11058839948272,2.0
2019-09-02-17-38-28,30.593055741865097,104.11183903673886,1.0
2019-09-02-17-38-28,30.593055910615824,104.11208917247863,1.0
2019-09-02-17-38-28,30.593056255356228,104.11258945218536,1.0
2019-09-02-17-38-28,30.5930564313325,104.11283959613671,1.0
2019-09-02-17-38-28,30.593301425134047,104.08808957499636,1.0
2019-09-02-17-38-28,30.593300609871157,104.09108796808334,1.0
2019-09-02-17-38-28,30.593300214894718,104.09383689709044,1.0
2019-09-02-17-38-28,30.593300316673318,104.09858594131838,1.0
2019-09-02-17-38-28,30.593300349220737,104.09883592201294,2.0
2019-09-02-17-38-28,30.593301739603067,104.10433626563434,1.0
2019-09-02-17-38-28,30.593301929080454,104.10483636871795,1.0
2019-09-02-17-38-28,30.59330202770151,104.10508642467993,1.0
2019-09-02-17-38-28,30.59330212890392,104.10533648358059,1.0
2019-09-02-17-38-28,30.59330223268246,104.10558654541391,1.0
2019-09-02-17-38-28,30.5933025594218,104.10633674844752,1.0
2019-09-02-17-38-28,30.593302673451532,104.10658682194904,1.0
2019-09-02-17-38-28,30.59330315500669,104.10758714490193,1.0
2019-09-02-17-38-28,30.593304686599893,104.11033826887993,1.0
2019-09-02-17-38-28,30.59330484072195,104.11058838799005,1.0
2019-09-02-17-38-28,30.5933051563223,104.11108863457409,1.0
2019-09-02-17-38-28,30.5933053177878,104.11133876203311,1.0
2019-09-02-17-38-28,30.593305648017058,104.11183902524748,2.0
2019-09-02-17-38-28,30.593305816767725,104.11208916098757,1.0
2019-09-02-17-38-28,30.5933059879336,104.1123392994726,1.0
2019-09-02-17-38-28,30.59330633748421,104.1128395846465,1.0
2019-09-02-17-38-28,30.593550294831466,104.09233742231987,1.0
2019-09-02-17-38-28,30.593550222769128,104.09858592982245,1.0
2019-09-02-17-38-28,30.593551645697524,104.10433625413772,1.0
2019-09-02-17-38-28,30.5935518351748,104.1048363572215,1.0
2019-09-02-17-38-28,30.59355203499814,104.10533647208428,1.0
2019-09-02-17-38-28,30.59355224512595,104.10583659867753,1.0
2019-09-02-17-38-28,30.593552465515774,104.10633673695163,1.0
2019-09-02-17-38-28,30.593552579545445,104.10658681045328,1.0
2019-09-02-17-38-28,30.593553583081388,104.10858750235808,1.0
2019-09-02-17-38-28,30.593555554109678,104.11183901375604,1.0
2019-09-02-17-38-28,30.59355606760043,104.11258942920423,1.0
2019-09-02-17-38-28,30.593556421947756,104.11308971982963,2.0
2019-09-02-17-38-28,30.593800239539014,104.09208751134392,2.0
2019-09-02-17-38-28,30.59380020086935,104.0923374108293,1.0
2019-09-02-17-38-28,30.593799991184927,104.09433672040836,1.0
2019-09-02-17-38-28,30.59380016135292,104.09883589902071,1.0
2019-09-02-17-38-28,30.593800518395128,104.10083585473646,1.0
2019-09-02-17-38-28,30.59380155173265,104.10433624264105,1.0
2019-09-02-17-38-28,30.59380194103303,104.10533646058788,1.0
2019-09-02-17-38-28,30.593802260075503,104.10608665486151,1.0
2019-09-02-17-38-28,30.593802371550428,104.10633672545566,1.0
2019-09-02-17-38-28,30.5938028429418,104.10733703684394,1.0
2019-09-02-17-38-28,30.59380296713471,104.10758712191144,1.0
2019-09-02-17-38-28,30.593804652848483,104.11058836500436,1.0
2019-09-02-17-38-28,30.593804968448588,104.11108861158944,1.0
2019-09-02-17-38-28,30.593805293814263,104.11158886927652,1.0
2019-09-02-17-38-28,30.59380546014297,104.11183900226445,2.0
2019-09-02-17-38-28,30.593805628893506,104.11208913800506,1.0
2019-09-02-17-38-28,30.59380580005925,104.1123392764907,1.0
2019-09-02-17-38-28,30.593805973633522,104.11258941771356,1.0
2019-09-02-17-38-28,30.59380669188071,104.11359000981967,1.0
2019-09-02-17-38-28,30.59405114325049,104.08808954054443,2.0
2019-09-02-17-38-28,30.594050494074807,104.09033829229796,1.0
2019-09-02-17-38-28,30.59405018696405,104.09183760353626,1.0
2019-09-02-17-38-28,30.59405010684792,104.09233739933859,1.0
2019-09-02-17-38-28,30.59405000747568,104.09308711677237,1.0
2019-09-02-17-38-28,30.594049872334214,104.09483656778046,5.0
2019-09-02-17-38-28,30.59405145770846,104.10433623114422,1.0
2019-09-02-17-38-28,30.594051551151157,104.10458628121086,2.0
2019-09-02-17-38-28,30.594051647185488,104.10483633422822,1.0
2019-09-02-17-38-28,30.594051745806368,104.10508639019044,1.0
2019-09-02-17-38-28,30.594052166050894,104.10608664336529,1.0
2019-09-02-17-38-28,30.594052277525748,104.10633671395956,1.0
2019-09-02-17-38-28,30.594052391555294,104.10658678746144,1.0
2019-09-02-17-38-28,30.59405287310973,104.10758711041605,1.0
2019-09-02-17-38-28,30.59405410384501,104.10983800457966,1.0
2019-09-02-17-38-28,30.59405455882277,104.1105883535114,2.0
2019-09-02-17-38-28,30.59405503588805,104.11133872755676,1.0
2019-09-02-17-38-28,30.59405553486741,104.1120891265137,1.0
2019-09-02-17-38-28,30.59405587960731,104.11258940622272,1.0
2019-09-02-17-38-28,30.594301049170674,104.08808952906023,3.0
2019-09-02-17-38-28,30.594300965837316,104.08833937758101,2.0
2019-09-02-17-38-28,30.594300460937443,104.09008840673752,1.0
2019-09-02-17-38-28,30.59430039999452,104.09033828080999,1.0
2019-09-02-17-38-28,30.59430034184278,104.09058815806736,1.0
2019-09-02-17-38-28,30.594300286480323,104.09083803850731,1.0
2019-09-02-17-38-28,30.59430009288343,104.09183759204613,2.0
2019-09-02-17-38-28,30.594300051436964,104.09208748836309,2.0
2019-09-02-17-38-28,30.594301363624968,104.1043362196473,1.0
2019-09-02-17-38-28,30.594302183441787,104.10633670246337,1.0
2019-09-02-17-38-28,30.59430229747127,104.10658677596537,1.0
2019-09-02-17-38-28,30.59430241404995,104.1068368523686,1.0
2019-09-02-17-38-28,30.59430277902546,104.10758709892052,2.0
2019-09-02-17-38-28,30.59430316674092,104.10833737134679,1.0
2019-09-02-17-38-28,30.59430400976019,104.10983799308585,1.0
2019-09-02-17-38-28,30.594304621313764,104.11083846391979,1.0
2019-09-02-17-38-28,30.594304780337602,104.11108858860436,1.0
2019-09-02-17-38-28,30.594305105703025,104.11158884629249,2.0
2019-09-02-17-38-28,30.594305272031608,104.11183897928095,1.0
2019-09-02-17-38-28,30.59430544078202,104.11208911502216,2.0
2019-09-02-17-38-28,30.59430613986873,104.11308968535904,1.0
2019-09-02-17-38-28,30.594306320627933,104.11333983474695,1.0
2019-09-02-17-38-28,30.59430650376847,104.11358998684048,1.0
2019-09-02-17-38-28,30.594550955031586,104.08808951757594,3.0
2019-09-02-17-38-28,30.59455087169817,104.08833936609626,3.0
2019-09-02-17-38-28,30.594550366797915,104.09008839524981,1.0
2019-09-02-17-38-28,30.594550305854945,104.0903382693219,2.0
2019-09-02-17-38-28,30.594550247703147,104.09058814657888,3.0
2019-09-02-17-38-28,30.59455019234064,104.09083802701849,1.0
2019-09-02-17-38-28,30.594550139765452,104.09108791063841,1.0
2019-09-02-17-38-28,30.594549998743528,104.09183758055586,2.0
2019-09-02-17-38-28,30.594549918627177,104.09233737635692,1.0
2019-09-02-17-38-28,30.594549879106356,104.09883586453164,1.0
2019-09-02-17-38-28,30.59455136292478,104.10458625821705,1.0
2019-09-02-17-38-28,30.594551868909193,104.10583655269205,1.0
2019-09-02-17-38-28,30.594553072597176,104.10833735985169,1.0
2019-09-02-17-38-28,30.594553206861946,104.108587456379,1.0
2019-09-02-17-38-28,30.59455406481049,104.1100880951003,1.0
2019-09-02-17-38-28,30.594554686193174,104.11108857711164,1.0
2019-09-02-17-38-28,30.594555177887003,104.11183896778904,2.0
2019-09-02-17-38-28,30.594555346637346,104.11208910353054,1.0
2019-09-02-17-38-28,30.594555867352888,104.11283952719394,2.0
2019-09-02-17-38-28,30.59455604572381,104.1130896738686,1.0
2019-09-02-17-38-28,30.594800860833217,104.08808950609152,2.0
2019-09-02-17-38-28,30.594800777499753,104.08833935461139,2.0
2019-09-02-17-38-28,30.59480069697048,104.08858920633165,1.0
2019-09-02-17-38-28,30.594800211656104,104.09033825783371,1.0
2019-09-02-17-38-28,30.59480015350425,104.0905881350903,2.0
2019-09-02-17-38-28,30.594800098141686,104.09083801552951,1.0
2019-09-02-17-38-28,30.594800045566448,104.09108789914907,1.0
2019-09-02-17-38-28,30.594799995776533,104.09133778594658,1.0
2019-09-02-17-38-28,30.59479994876988,104.09158767591957,1.0
2019-09-02-17-38-28,30.59479990454436,104.09183756906552,3.0
2019-09-02-17-38-28,30.594799863097773,104.09208746538185,1.0
2019-09-02-17-38-28,30.594801084434373,104.104086149543,2.0
2019-09-02-17-38-28,30.59480136475684,104.10483629973757,1.0
2019-09-02-17-38-28,30.59480210912537,104.10658675297287,1.0
2019-09-02-17-38-28,30.59480222570393,104.10683682937638,1.0
2019-09-02-17-38-28,30.59480726659725,104.1148407646312,1.0
2019-09-02-17-38-28,30.595050766575607,104.088089494607,1.0
2019-09-02-17-38-28,30.595050683242093,104.08833934312644,1.0
2019-09-02-17-38-28,30.595050377935408,104.08933876919096,1.0
2019-09-02-17-38-28,30.59505017834109,104.09008837227408,1.0
2019-09-02-17-38-28,30.595050117398014,104.09033824634541,2.0
2019-09-02-17-38-28,30.595050059246105,104.09058812360163,1.0
2019-09-02-17-38-28,30.595050003883486,104.09083800404049,2.0
2019-09-02-17-38-28,30.595049951308194,104.09108788765968,2.0
2019-09-02-17-38-28,30.59504990151823,104.0913377744568,4.0
2019-09-02-17-38-28,30.59504985451152,104.09158766442944,2.0
2019-09-02-17-38-28,30.595049810285936,104.09183755757505,2.0
2019-09-02-17-38-28,30.595049768839306,104.09208745389105,1.0
2019-09-02-17-38-28,30.59504973016937,104.0923373533748,2.0
2019-09-02-17-38-28,30.595049694273833,104.09258725602352,2.0
2019-09-02-17-38-28,30.59505065285675,104.10308597928812,1.0
2019-09-02-17-38-28,30.59505147031805,104.10533640310423,1.0
2019-09-02-17-38-28,30.595051789359626,104.10608659737936,1.0
2019-09-02-17-38-28,30.595051900834235,104.10633666797409,1.0
2019-09-02-17-38-28,30.595052372224398,104.1073369793651,1.0
2019-09-02-17-38-28,30.595054659191604,104.11133868158676,1.0
2019-09-02-17-38-28,30.595054989419985,104.11183894480493,1.0
2019-09-02-17-38-28,30.595055329335647,104.11233921903408,1.0
2019-09-02-17-38-28,30.59505567888537,104.11283950421219,1.0
2019-09-02-17-38-28,30.59530067225877,104.0880894831224,2.0
2019-09-02-17-38-28,30.595300147759954,104.0898384899022,1.0
2019-09-02-17-38-28,30.59530002308068,104.090338234857,2.0
2019-09-02-17-38-28,30.595299964928728,104.09058811211284,1.0
2019-09-02-17-38-28,30.595299909566048,104.09083799255131,2.0
2019-09-02-17-38-28,30.59529980720069,104.09133776296692,2.0
2019-09-02-17-38-28,30.59529976019392,104.09158765293921,2.0
2019-09-02-17-38-28,30.595299715968284,104.09183754608448,3.0
2019-09-02-17-38-28,30.595299674521595,104.09208744240013,1.0
2019-09-02-17-38-28,30.595299635851607,104.09233734188356,1.0
2019-09-02-17-38-28,30.59530040558646,104.10258590630121,1.0
2019-09-02-17-38-28,30.59530055853653,104.10308596779056,2.0
2019-09-02-17-38-28,30.59530089585268,104.1040861265483,1.0
2019-09-02-17-38-28,30.595300986698362,104.10433617365854,1.0
2019-09-02-17-38-28,30.595301176174797,104.10483627674324,1.0
2019-09-02-17-38-28,30.595301586124254,104.10583651820178,1.0
2019-09-02-17-38-28,30.595304087805022,104.11058829604478,1.0
2019-09-02-17-38-28,30.59530472876929,104.11158880032316,1.0
2019-09-02-17-38-28,30.595305235013157,104.11233920754242,1.0
2019-09-02-17-38-28,30.595550494549073,104.0883393201562,2.0
2019-09-02-17-38-28,30.595550053383516,104.08983847841446,1.0
2019-09-02-17-38-28,30.595549928704127,104.09033822336849,2.0
2019-09-02-17-38-28,30.59554981518939,104.09083798106205,3.0
2019-09-02-17-38-28,30.595549762614,104.0910878646805,3.0
2019-09-02-17-38-28,30.59554971282392,104.09133775147691,3.0
2019-09-02-17-38-28,30.595549665817103,104.09158764144888,1.0
2019-09-02-17-38-28,30.59554962159141,104.0918375345938,1.0
2019-09-02-17-38-28,30.595549580144674,104.09208743090912,3.0
2019-09-02-17-38-28,30.595549541474618,104.09233733039223,3.0
2019-09-02-17-38-28,30.595549505578976,104.09258723304032,1.0
2019-09-02-17-38-28,30.59555038636913,104.10283592405277,2.0
2019-09-02-17-38-28,30.59555046415709,104.10308595629292,1.0
2019-09-02-17-38-28,30.595550627591898,104.10358602972369,1.0
2019-09-02-17-38-28,30.595550801473,104.10408611505078,1.0
2019-09-02-17-38-28,30.59555089231862,104.10433616216109,1.0
2019-09-02-17-38-28,30.59555118041544,104.10508632120859,2.0
2019-09-02-17-38-28,30.595551385395307,104.10558644194415,2.0
2019-09-02-17-38-28,30.59555149174416,104.1058365067048,1.0
2019-09-02-17-38-28,30.5955518261622,104.10658671848336,2.0
2019-09-02-17-38-28,30.595552434434342,104.10783712938492,1.0
2019-09-02-17-38-28,30.595553993423753,104.11058828455116,2.0
2019-09-02-17-38-28,30.595554309022976,104.11108853113971,1.0
2019-09-02-17-38-28,30.595554470487908,104.11133865860113,1.0
2019-09-02-17-38-28,30.595554800716037,104.11183892182041,2.0
2019-09-02-17-38-28,30.595555314205278,104.1125893372756,2.0
2019-09-02-17-38-28,30.59555549018092,104.11283948122995,1.0
2019-09-02-17-38-28,30.595799776116323,104.09058808913493,1.0
2019-09-02-17-38-28,30.595799668178092,104.09108785319077,1.0
2019-09-02-17-38-28,30.59579961838796,104.09133773998684,2.0
2019-09-02-17-38-28,30.595799571381093,104.09158762995844,3.0
2019-09-02-17-38-28,30.595799527155343,104.09183752310301,2.0
2019-09-02-17-38-28,30.59579937801908,104.09283712735865,1.0
2019-09-02-17-38-28,30.59579929525587,104.0935868637334,2.0
2019-09-02-17-38-28,30.595800450127573,104.10333598002069,1.0
2019-09-02-17-38-28,30.59580053315314,104.10358601822595,1.0
2019-09-02-17-38-28,30.595801397304854,104.10583649520773,1.0
2019-09-02-17-38-28,30.595801617693592,104.10633663348386,1.0
2019-09-02-17-38-28,30.59580233999455,104.10783711788893,1.0
2019-09-02-17-38-28,30.59580374486185,104.11033815394491,1.0
2019-09-02-17-38-28,30.595803898983284,104.11058827305742,1.0
2019-09-02-17-38-28,30.595804214582387,104.11108851964649,1.0
2019-09-02-17-38-28,30.595804376047248,104.11133864710814,2.0
2019-09-02-17-38-28,30.59580521976431,104.11258932578406,1.0
2019-09-02-17-38-28,30.5958055741105,104.11308961641492,1.0
2019-09-02-17-38-28,30.596050225089716,104.08858914890354,1.0
2019-09-02-17-38-28,30.5960496262585,104.09083795808318,1.0
2019-09-02-17-38-28,30.596049573682993,104.09108784170091,2.0
2019-09-02-17-38-28,30.596049476885888,104.09158761846788,1.0
2019-09-02-17-38-28,30.596049432660084,104.09183751161213,2.0
2019-09-02-17-38-28,30.59604928352361,104.09283711586644,1.0
2019-09-02-17-38-28,30.596049225582565,104.09333693696121,1.0
2019-09-02-17-38-28,30.596049178699907,104.09383677066988,2.0
2019-09-02-17-38-28,30.59604956473745,104.10033574403809,1.0
2019-09-02-17-38-28,30.5960496700515,104.1008357512605,1.0
2019-09-02-17-38-28,30.59605012227091,104.1025858718078,1.0
2019-09-02-17-38-28,30.596050197432785,104.10283590105708,1.0
2019-09-02-17-38-28,30.596050275220623,104.10308593329724,1.0
2019-09-02-17-38-28,30.596050524292288,104.1038360479076,1.0
2019-09-02-17-38-28,30.596050612536054,104.10408609205544,2.0
2019-09-02-17-38-28,30.596050703381557,104.10433613916584,1.0
2019-09-02-17-38-28,30.59605099147802,104.10508629821379,1.0
2019-09-02-17-38-28,30.59605109267977,104.10533635711538,1.0
2019-09-02-17-38-28,30.596051196457644,104.10558641894971,2.0
2019-09-02-17-38-28,30.596051302806373,104.10583648371056,1.0
2019-09-02-17-38-28,30.596051411720616,104.10608655139171,1.0
2019-09-02-17-38-28,30.596051994584172,104.10733693338007,1.0
2019-09-02-17-38-28,30.596052916787997,104.1090875890004,1.0
2019-09-02-17-38-28,30.596054120082606,104.11108850815313,1.0
2019-09-02-17-38-28,30.596054281547413,104.11133863561504,1.0
2019-09-02-17-38-28,30.596054445447155,104.111588765845,1.0
2019-09-02-17-38-28,30.596054611775298,104.11183889883542,2.0
2019-09-02-17-38-28,30.596055301239677,104.11283945824734,1.0
2019-09-02-17-38-28,30.59630013053599,104.0885891374176,1.0
2019-09-02-17-38-28,30.596300052809163,104.08883899233395,1.0
2019-09-02-17-38-28,30.59629970616271,104.0900883148329,1.0
2019-09-02-17-38-28,30.596299587067186,104.0905880661566,1.0
2019-09-02-17-38-28,30.59629942933849,104.09133771700633,1.0
2019-09-02-17-38-28,30.59629938233151,104.0915876069772,1.0
2019-09-02-17-38-28,30.59629913102781,104.09333692546836,6.0
2019-09-02-17-38-28,30.59629908414504,104.09383675917644,1.0
2019-09-02-17-38-28,30.59629904829968,104.09433660547373,1.0
2019-09-02-17-38-28,30.59630010287585,104.10283588955907,1.0
2019-09-02-17-38-28,30.59630018066363,104.10308592179928,2.0
2019-09-02-17-38-28,30.596300429735113,104.10383603640972,2.0
2019-09-02-17-38-28,30.59630070226641,104.10458617773529,1.0
2019-09-02-17-38-28,30.596301208248715,104.10583647221328,1.0
2019-09-02-17-38-28,30.596301428637208,104.10633661048986,1.0
2019-09-02-17-38-28,30.59630202421845,104.10758700695257,2.0
2019-09-02-17-38-28,30.596302150937444,104.10783709489661,1.0
2019-09-02-17-38-28,30.59630228017737,104.10808718570897,1.0
2019-09-02-17-38-28,30.596302411932434,104.10833727938284,1.0
2019-09-02-17-38-28,30.596304025523658,104.11108849665968,1.0
2019-09-02-17-38-28,30.59630485713119,104.11233916157477,1.0
2019-09-02-17-38-28,30.596305206680285,104.11283944675587,1.0
2019-09-02-17-38-28,30.596305565809466,104.1133397428232,1.0
2019-09-02-17-38-28,30.596306505183808,104.11459053019787,1.0
2019-09-02-17-38-28,30.596549550606113,104.09033817741332,1.0
2019-09-02-17-38-28,30.59654938451532,104.09108781872091,1.0
2019-09-02-17-38-28,30.596549334725033,104.0913377055159,1.0
2019-09-02-17-38-28,30.59654924349209,104.09183748863,2.0
2019-09-02-17-38-28,30.596549094355165,104.0928370928818,1.0
2019-09-02-17-38-28,30.596549036413908,104.0933369139754,1.0
2019-09-02-17-38-28,30.596548989531023,104.09383674768291,2.0
2019-09-02-17-38-28,30.59654895368556,104.09433659397966,1.0
2019-09-02-17-38-28,30.5965489288556,104.09483645283986,2.0
2019-09-02-17-38-28,30.596549860566906,104.1023358225588,1.0
2019-09-02-17-38-28,30.596550086047483,104.1030859103012,1.0
2019-09-02-17-38-28,30.596550703683647,104.10483621925556,1.0
2019-09-02-17-38-28,30.596551007283306,104.10558639595484,1.0
2019-09-02-17-38-28,30.596551929601212,104.10758699545609,2.0
2019-09-02-17-38-28,30.59655286936834,104.109337671061,1.0
2019-09-02-17-38-28,30.596555112061747,104.11283943526428,1.0
2019-09-02-17-38-28,30.596799289842767,104.09108780723072,1.0
2019-09-02-17-38-28,30.596799148819372,104.09183747713881,1.0
2019-09-02-17-38-28,30.59679891691836,104.09358681776058,1.0
2019-09-02-17-38-28,30.596798894857873,104.09383673618929,1.0
2019-09-02-17-38-28,30.59679976589181,104.10233581106056,1.0
2019-09-02-17-38-28,30.59679983842285,104.10258583731346,1.0
2019-09-02-17-38-28,30.596799991372205,104.103085898803,1.0
2019-09-02-17-38-28,30.596800419532247,104.10433610467217,1.0
2019-09-02-17-38-28,30.59680060900796,104.10483620775769,1.0
2019-09-02-17-38-28,30.59680080882973,104.10533632262262,1.0
2019-09-02-17-38-28,30.596801353373102,104.10658666099864,1.0
2019-09-02-17-38-28,30.59680306565404,104.10983787814192,1.0
2019-09-02-17-38-28,30.59680321484789,104.11008799165228,1.0
2019-09-02-17-38-28,30.59704890495019,104.09283706989672,1.0
2019-09-02-17-38-28,30.597048847008704,104.09333689098914,1.0
2019-09-02-17-38-28,30.597048750489286,104.09458649885204,1.0
2019-09-02-17-38-28,30.597048731158363,104.09508636398293,1.0
2019-09-02-17-38-28,30.59704872280836,104.09558624163658,2.0
2019-09-02-17-38-28,30.597048738953404,104.09658603439726,1.0
2019-09-02-17-38-28,30.597048779700398,104.09733591162056,1.0
2019-09-02-17-38-28,30.597049534006036,104.10183575606729,1.0
2019-09-02-17-38-28,30.59705061289329,104.10508625222286,1.0
2019-09-02-17-38-28,30.59705081787243,104.10558637295952,1.0
2019-09-02-17-38-28,30.59705114460905,104.10633657599804,1.0
2019-09-02-17-38-28,30.59705174018937,104.10758697246278,1.0
2019-09-02-17-38-28,30.597052127902803,104.1083372448946,1.0
2019-09-02-17-38-28,30.597052970918003,104.10983786664691,1.0
2019-09-02-17-38-28,30.597054746672026,104.11258926832458,1.0
2019-09-02-17-38-28,30.59705528177609,104.11333970835,1.0
2019-09-02-17-38-28,30.597055464915925,104.1135898604471,1.0
2019-09-02-17-38-28,30.597299208259233,104.09058802019864,1.0
2019-09-02-17-38-28,30.59729891784949,104.09208735046907,1.0
2019-09-02-17-38-28,30.59729870533423,104.0938367132017,1.0
2019-09-02-17-38-28,30.597298655697752,104.0945864873574,1.0
2019-09-02-17-38-28,30.597298636366716,104.09508635248785,1.0
2019-09-02-17-38-28,30.597298628016606,104.09558623014105,2.0
2019-09-02-17-38-28,30.597298750100602,104.09808580521549,1.0
2019-09-02-17-38-28,30.59729883964213,104.09883573806327,1.0
2019-09-02-17-38-28,30.59729937460143,104.10158572733751,1.0
2019-09-02-17-38-28,30.597299576364264,104.1023357880638,1.0
2019-09-02-17-38-28,30.59730152120273,104.10733687589638,1.0
2019-09-02-17-38-28,30.59730203310804,104.1083372333983,1.0
2019-09-02-17-38-28,30.59730302531659,104.11008796866268,1.0
2019-09-02-17-38-28,30.597303176977125,104.11033808497871,1.0
2019-09-02-17-38-28,30.597305006221628,104.11308954746698,1.0
2019-09-02-17-38-28,30.597549432101488,104.08933865431804,1.0
2019-09-02-17-38-28,30.597549113409492,104.09058800870888,1.0
2019-09-02-17-38-28,30.597549005470494,104.09108777275956,1.0
2019-09-02-17-38-28,30.597548549807463,104.09483640686057,1.0
2019-09-02-17-38-28,30.597548609076227,104.09758585389945,1.0
2019-09-02-17-38-28,30.597548630808138,104.09783582226463,1.0
2019-09-02-17-38-28,30.59754868239573,104.09833576825564,1.0
2019-09-02-17-38-28,30.59754881796244,104.09933569715895,1.0
2019-09-02-17-38-28,30.597548996512447,104.10033567504995,2.0
2019-09-02-17-38-28,30.597549787400446,104.10333589953346,1.0
2019-09-02-17-38-28,30.597550228592723,104.10458612024507,1.0
2019-09-02-17-38-28,30.597550324626226,104.10483617326345,1.0
2019-09-02-17-38-28,30.59755142634913,104.10733686439931,1.0
2019-09-02-17-38-28,30.597553236243773,104.11058819259816,1.0
2019-09-02-17-38-28,30.597554043533567,104.11183882987787,1.0
2019-09-02-17-38-28,30.59779886077101,104.09133764806221,1.0
2019-09-02-17-38-28,30.597798813763703,104.091587538031,2.0
2019-09-02-17-38-28,30.597798478843732,104.09708591495377,1.0
2019-09-02-17-38-28,30.597798535897713,104.09783581076724,1.0
2019-09-02-17-38-28,30.5977987636693,104.0995856755525,1.0
2019-09-02-17-38-28,30.597799006914663,104.10083567077321,1.0
2019-09-02-17-38-28,30.597799122875447,104.10133569012676,1.0
2019-09-02-17-38-28,30.597799184837903,104.10158570434038,1.0
2019-09-02-17-38-28,30.597799316704858,104.10208574181557,1.0
2019-09-02-17-38-28,30.597799386600386,104.10233576506658,1.0
2019-09-02-17-38-28,30.597799612080077,104.10308585280913,2.0
2019-09-02-17-38-28,30.597799775513817,104.10358592624044,1.0
2019-09-02-17-38-28,30.597800533312906,104.10558633846573,1.0
2019-09-02-17-38-28,30.59780120977692,104.10708677071392,1.0
2019-09-02-17-38-28,30.597802686355344,104.10983783216132,1.0
2019-09-02-17-38-28,30.597803782292072,104.11158868539226,1.0
2019-09-02-17-38-28,30.59780394861977,104.11183881838458,1.0
2019-09-02-17-38-28,30.597804638082383,104.11283937780476,1.0
2019-09-02-17-38-28,30.59804835163733,104.09508631800188,1.0
2019-09-02-17-38-28,30.598049291629874,104.10233575356779,1.0
2019-09-02-17-38-28,30.59804936416061,104.10258577982071,1.0
2019-09-02-17-38-28,30.598049517109374,104.1030858413104,1.0
2019-09-02-17-38-28,30.598050134743037,104.10483615026676,2.0
2019-09-02-17-38-28,30.59805023336295,104.10508620623024,1.0
2019-09-02-17-38-28,30.59805033456421,104.10533626513252,1.0
2019-09-02-17-38-28,30.59805148737516,104.10783701442013,1.0
2019-09-02-17-38-28,30.598056635381173,104.11559112769476,1.0
2019-09-02-17-38-28,30.598298372461734,104.09333683352158,1.0
2019-09-02-17-38-28,30.59829825106304,104.09533624376844,1.0
2019-09-02-17-38-28,30.598298397486978,104.0983357337624,1.0
2019-09-02-17-38-28,30.598299059449356,104.10183569857409,1.0
2019-09-02-17-38-28,30.598299422079645,104.10308582981155,1.0
2019-09-02-17-38-28,30.59829985023789,104.10433603568195,1.0
2019-09-02-17-38-28,30.59829994367957,104.10458608574966,1.0
2019-09-02-17-38-28,30.598301141433968,104.1073368299075,1.0
2019-09-02-17-38-28,30.59830178760214,104.10858728394213,1.0
2019-09-02-17-38-28,30.598302349631172,104.10958769847116,1.0
2019-09-02-17-38-28,30.59830264554512,104.11008792268213,1.0
2019-09-02-17-38-28,30.598549440757047,104.08808933381258,1.0
2019-09-02-17-38-28,30.59854830496273,104.09308690990505,1.0
2019-09-02-17-38-28,30.598548180175616,104.09683592138764,1.0
2019-09-02-17-38-28,30.59854822908052,104.09758580790992,1.0
2019-09-02-17-38-28,30.59854825081221,104.09783577627451,1.0
2019-09-02-17-38-28,30.598550144444648,104.10533624213572,1.0
2019-09-02-17-38-28,30.59855169251205,104.10858727244549,1.0
2019-09-02-17-38-28,30.598552401261237,104.10983779767477,1.0
2019-09-02-17-38-28,30.598552550454663,104.11008791118671,1.0
2019-09-02-17-38-28,30.598553333297538,104.11133852067823,1.0
2019-09-02-17-38-28,30.598553832273517,104.11208891965006,1.0
2019-09-02-17-38-28,30.59855685607484,104.11609145950165,1.0
2019-09-02-17-38-28,30.598557064941524,104.11634164081889,1.0
2019-09-02-17-38-28,30.598798240171966,104.09283698944552,1.0
2019-09-02-17-38-28,30.59879820981727,104.09308689841141,1.0
2019-09-02-17-38-28,30.598798157406765,104.0935867258098,1.0
2019-09-02-17-38-28,30.59879808502932,104.09683590989049,1.0
2019-09-02-17-38-28,30.598798098612388,104.09708586896505,1.0
2019-09-02-17-38-28,30.59879818010644,104.09808573622948,1.0
2019-09-02-17-38-28,30.5987982072527,104.0983357107664,1.0
2019-09-02-17-38-28,30.598798626679848,104.1008356247781,1.0
2019-09-02-17-38-28,30.598799006364175,104.10233571907088,1.0
2019-09-02-17-38-28,30.59879939527641,104.10358588024505,1.0
2019-09-02-17-38-28,30.598799480912838,104.10383592142496,1.0
2019-09-02-17-38-28,30.59880004929636,104.10533623063719,3.0
2019-09-02-17-38-28,30.59880307668366,104.11108838171918,2.0
2019-09-02-17-38-28,30.598803402046823,104.11158863941692,1.0
2019-09-02-17-38-28,30.59880356837428,104.11183877241034,1.0
2019-09-02-17-38-28,30.59880373712356,104.11208890815662,2.0
2019-09-02-17-38-28,30.598804616963797,104.11333962790884,1.0
2019-09-02-17-38-28,30.598804800103192,104.1135897800082,1.0
2019-09-02-17-38-28,30.59880517349825,104.11409009229168,2.0
2019-09-02-17-38-28,30.598806554359797,104.11584126931,1.0
2019-09-02-17-38-28,30.59904814496759,104.09283697795206,2.0
2019-09-02-17-38-28,30.599048114612838,104.09308688691765,1.0
2019-09-02-17-38-28,30.59904797117176,104.09508627201907,1.0
2019-09-02-17-38-28,30.59904797896409,104.09658594242352,1.0
2019-09-02-17-38-28,30.599047989824047,104.09683589839321,1.0
2019-09-02-17-38-28,30.59904800340705,104.09708585746763,1.0
2019-09-02-17-38-28,30.599048647433857,104.1013356326322,1.0
2019-09-02-17-38-28,30.59904877400701,104.1018356640769,1.0
2019-09-02-17-38-28,30.59904891115761,104.10233570757168,1.0
2019-09-02-17-38-28,30.599049058849285,104.10283576307398,1.0
2019-09-02-17-38-28,30.59904913663641,104.10308579531436,1.0
2019-09-02-17-38-28,30.59904921704477,104.10333583054023,1.0
2019-09-02-17-38-28,30.599049300069556,104.10358586874595,1.0
2019-09-02-17-38-28,30.59904938570593,104.1038359099259,2.0
2019-09-02-17-38-28,30.599053306838023,104.1115886279228,2.0
2019-09-02-17-38-28,30.59905585334691,104.11509073747892,1.0
2019-09-02-17-38-28,30.59905605295907,104.11534090828964,1.0
2019-09-02-17-38-28,30.59905625489584,104.11559108173999,1.0
2019-09-02-17-38-28,30.59905645914991,104.11584125782151,1.0
2019-09-02-17-38-28,30.59905687458048,104.11634161784364,1.0
2019-09-02-17-38-28,30.599298049704238,104.09283696645849,1.0
2019-09-02-17-38-28,30.599297883699908,104.09658593092631,1.0
2019-09-02-17-38-28,30.599297894559804,104.09683588689585,1.0
2019-09-02-17-38-28,30.599297965195703,104.0978357417808,1.0
2019-09-02-17-38-28,30.599298745996922,104.1020856728214,1.0
2019-09-02-17-38-28,30.59929881589209,104.1023356960724,1.0
2019-09-02-17-38-28,30.599298888422545,104.1025857223253,1.0
2019-09-02-17-38-28,30.59929896358365,104.10283575157469,2.0
2019-09-02-17-38-28,30.599303211570238,104.11158861642859,2.0
2019-09-02-17-38-28,30.59930442648633,104.11333960492468,1.0
2019-09-02-17-38-28,30.59930636388105,104.11584124633295,1.0
2019-09-02-17-38-28,30.59930677931149,104.11634160635587,1.0
2019-09-02-17-38-28,30.599547954381947,104.09283695496485,1.0
2019-09-02-17-38-28,30.59954778024333,104.0963359665683,1.0
2019-09-02-17-38-28,30.599547812819498,104.09708583447241,1.0
2019-09-02-17-38-28,30.599548140940836,104.09983558801054,1.0
2019-09-02-17-38-28,30.599548340884372,104.10083559028065,1.0
2019-09-02-17-38-28,30.599548397535557,104.10108559844312,1.0
2019-09-02-17-38-28,30.599548793098016,104.10258571082588,2.0
2019-09-02-17-38-28,30.59954886825906,104.10283574007528,1.0
2019-09-02-17-38-28,30.599556895145078,104.11659177879213,1.0
2019-09-02-17-38-28,30.599557108594198,104.11684196531289,1.0
2019-09-02-17-38-28,30.59979785900072,104.09283694347107,1.0
2019-09-02-17-38-28,30.59979767685215,104.09558611517966,1.0
2019-09-02-17-38-28,30.599797692994706,104.0965859079316,1.0
2019-09-02-17-38-28,30.599797717437326,104.09708582297465,1.0
2019-09-02-17-38-28,30.599798697714558,104.10258569932638,1.0
2019-09-02-17-38-28,30.59979877287555,104.1028357285758,1.0
2019-09-02-17-38-28,30.599798850662488,104.10308576081623,1.0
2019-09-02-17-38-28,30.59979998715168,104.10608637892277,1.0
2019-09-02-17-38-28,30.599800098625145,104.10633644951972,1.0
2019-09-02-17-38-28,30.60004758134604,104.09583604719441,1.0
2019-09-02-17-38-28,30.60004765731732,104.0975857389224,1.0
2019-09-02-17-38-28,30.600047996094514,104.1000855610128,1.0
2019-09-02-17-38-28,30.6000482660191,104.10133558663462,1.0
2019-09-02-17-38-28,30.600055079697643,104.11459035784776,1.0
2019-09-02-17-38-28,30.60029748584633,104.09583603569736,1.0
2019-09-02-17-38-28,30.600297542798625,104.09733576215314,1.0
2019-09-02-17-38-28,30.600297811316057,104.0995855605649,1.0
2019-09-02-17-38-28,30.60029800056941,104.10058555065292,1.0
2019-09-02-17-38-28,30.600298908787238,104.10383585242896,1.0
2019-09-02-17-38-28,30.600298997030002,104.10408589657759,1.0
2019-09-02-17-38-28,30.60029968729315,104.10583628824207,1.0
2019-09-02-17-38-28,30.600304984193414,104.11459034635686,1.0
2019-09-02-17-38-28,30.60054744837399,104.09408648534388,1.0
2019-09-02-17-38-28,30.60054743182869,104.0943364100602,1.0
2019-09-02-17-38-28,30.600547398361886,104.09633592057877,1.0
2019-09-02-17-38-28,30.60054743093737,104.09708578848073,1.0
2019-09-02-17-38-28,30.600547905009734,104.10058553915329,1.0
2019-09-02-17-38-28,30.60054801564973,104.10108555244484,1.0
2019-09-02-17-38-28,30.600549085755052,104.10458598225763,1.0
2019-09-02-17-38-28,30.600549591732225,104.10583627674295,2.0
2019-09-02-17-38-28,30.60055431791369,104.1138398543633,1.0
2019-09-02-17-38-28,30.600555280851058,104.11509066853905,1.0
2019-09-02-17-38-28,30.600558054999862,104.11834309253119,1.0
2019-09-02-17-38-28,30.60079735162191,104.09733573915649,1.0
2019-09-02-17-38-28,30.600797370640393,104.0975857044272,1.0
2019-09-02-17-38-28,30.60079928598813,104.10533613864487,1.0
2019-09-02-17-38-28,30.60079960502553,104.10608633292698,1.0
2019-09-02-17-38-28,30.60104729669482,104.09783566129171,1.0
2019-09-02-17-38-28,30.60104732113506,104.09808563274322,1.0
2019-09-02-17-38-28,30.601047713713807,104.1005855161537,1.0
2019-09-02-17-38-28,30.601047945623694,104.10158555484855,1.0
2019-09-02-17-38-28,30.601048536293444,104.10358577674923,1.0
2019-09-02-17-38-28,30.601048710171924,104.10408586207828,1.0
2019-09-02-17-38-28,30.601048990489893,104.10483601227762,1.0
2019-09-02-17-38-28,30.60104929408629,104.10558618898158,2.0
2019-09-02-17-38-28,30.60104973484784,104.10658646553058,1.0
2019-09-02-17-38-28,30.60104985142488,104.10683654193737,1.0
2019-09-02-17-38-28,30.60105034311327,104.10783687644822,1.0
2019-09-02-17-38-28,30.60105190208772,104.11058803166394,1.0
2019-09-02-17-38-28,30.60129722753341,104.09333669558852,1.0
2019-09-02-17-38-28,30.601297161346306,104.09408645085671,1.0
2019-09-02-17-38-28,30.601297119968763,104.09483623442304,1.0
2019-09-02-17-38-28,30.60129710325889,104.09583598970808,1.0
2019-09-02-17-38-28,30.601297105929326,104.0960859363386,1.0
2019-09-02-17-38-28,30.60129713032516,104.09683579491295,1.0
2019-09-02-17-38-28,30.601297225399428,104.09808562124424,1.0
2019-09-02-17-38-28,30.60129756665488,104.10033550256273,1.0
2019-09-02-17-38-28,30.60129852619236,104.10383580642949,1.0
2019-09-02-17-38-28,30.601299094572283,104.10533611564571,1.0
2019-09-02-17-38-28,30.60129919834889,104.105586177482,1.0
2019-09-02-17-38-28,30.601299755687183,104.10683653043844,1.0
2019-09-02-17-38-28,30.601300642630967,104.10858714597522,1.0
2019-09-02-17-38-28,30.60130519341985,104.11534080488173,1.0
time,lat,lon,count
